code_de,name_de,name_amt_de,staatsagehoerigkeit_de,Continent,iso_3
423,Afghanistan,Afghanistan,afghanisch,ASI,AFG
287,Ägypten,Ägypten,ägyptisch,AFR,EGY
121,Albanien,Albanien,albanisch,EUR,ALB
221,Algerien,Algerien,algerisch,AFR,DZA
123,Andorra,Andorra,andorranisch,EUR,AND
223,Angola,Angola,angolanisch,AFR,AGO
320,Antigua und Barbuda,Antigua und Barbuda,antiguanisch,AME,ATG
274,Äquatorialguinea,Äquatorialguinea,äquatorialguineisch,AFR,GNQ
323,Argentinien,Argentinien,argentinisch,AME,ARG
422,Armenien,Armenien,armenisch,ASI,ARM
425,Aserbaidschan,Aserbaidschan,aserbaidschanisch,ASI,AZE
225,Äthiopien,Äthiopien,äthiopisch,AFR,ETH
523,Australien,Australien,australisch,AOA,AUS
324,Bahamas,Bahamas,bahamaisch,AME,BHS
424,Bahrain,Bahrain,bahrainisch,ASI,BHR
460,Bangladesch,Bangladesch,bangladeschisch,ASI,BGD
322,Barbados,Barbados,barbadisch,AME,BRB
124,Belgien,Belgien,belgisch,EUR,BEL
330,Belize,Belize,belizisch,AME,BLZ
229,Benin,Benin,beninisch,AFR,BEN
426,Bhutan,Bhutan,bhutanisch,ASI,BTN
326,Bolivien,Plurinationaler Staat Bolivien,bolivianisch,AME,BOL
122,Bosnien und Herzegowina,Bosnien und Herzegowina,bosnisch-herzegowinisch,EUR,BIH
227,Botsuana,Botsuana,botsuanisch,AFR,BWA
327,Brasilien,Brasilien,brasilianisch,AME,BRA
429,Brunei Darussalam,Brunei Darussalam,bruneiisch,ASI,BRN
125,Bulgarien,Bulgarien,bulgarisch,EUR,BGR
258,Burkina Faso,Burkina Faso,burkinisch,AFR,BFA
291,Burundi,Burundi,burundisch,AFR,BDI
242,Cabo Verde,Cabo Verde,cabo-verdisch,AFR,CPV
332,Chile,Chile,chilenisch,AME,CHL
479,China,China,chinesisch,ASI,CHN
527,Cookinseln,Cookinseln,neuseeländisch,AOA,COK
334,Costa Rica,Costa Rica,costa-ricanisch,AME,CRI
231,Côte d’Ivoire,Côte d’Ivoire,ivorisch,AFR,CIV
126,Dänemark,Dänemark,dänisch,EUR,DNK
0,Deutschland,Deutschland,deutsch,EUR,DEU
333,Dominica,Dominica,dominicanisch,AME,DMA
335,Dominikanische Republik,Dominikanische Republik,dominikanisch,AME,DOM
230,Dschibuti,Dschibuti,dschibutisch,AFR,DJI
336,Ecuador,Ecuador,ecuadorianisch,AME,ECU
337,El Salvador,El Salvador,salvadorianisch,AME,SLV
224,Eritrea,Eritrea,eritreisch,AFR,ERI
127,Estland,Estland,estnisch,EUR,EST
281,Eswatini,Eswatini,eswatinisch,AFR,SWZ
526,Fidschi,Fidschi,fidschianisch,AOA,FJI
128,Finnland,Finnland,finnisch,EUR,FIN
129,Frankreich,Frankreich,französisch,EUR,FRA
236,Gabun,Gabun,gabunisch,AFR,GAB
237,Gambia,Gambia,gambisch,AFR,GMB
430,Georgien,Georgien,georgisch,ASI,GEO
238,Ghana,Ghana,ghanaisch,AFR,GHA
340,Grenada,Grenada,grenadisch,AME,GRD
134,Griechenland,Griechenland,griechisch,EUR,GRC
345,Guatemala,Guatemala,guatemaltekisch,AME,GTM
261,Guinea,Guinea,guineisch,AFR,GIN
259,Guinea-Bissau,Guinea-Bissau,guinea-bissauisch,AFR,GNB
328,Guyana,Guyana,guyanisch,AME,GUY
346,Haiti,Haiti,haitianisch,AME,HTI
347,Honduras,Honduras,honduranisch,AME,HND
436,Indien,Indien,indisch,ASI,IND
437,Indonesien,Indonesien,indonesisch,ASI,IDN
438,Irak,Irak,irakisch,ASI,IRQ
439,Iran,Islamische Republik Iran,iranisch,ASI,IRN
135,Irland,Irland,irisch,EUR,IRL
136,Island,Island,isländisch,EUR,ISL
441,Israel,Israel,israelisch,ASI,ISR
137,Italien,Italien,italienisch,EUR,ITA
355,Jamaika,Jamaika,jamaikanisch,AME,JAM
442,Japan,Japan,japanisch,ASI,JPN
421,Jemen,Jemen,jemenitisch,ASI,YEM
445,Jordanien,Jordanien,jordanisch,ASI,JOR
446,Kambodscha,Kambodscha,kambodschanisch,ASI,KHM
262,Kamerun,Kamerun,kamerunisch,AFR,CMR
348,Kanada,Kanada,kanadisch,AME,CAN
444,Kasachstan,Kasachstan,kasachisch,ASI,KAZ
447,Katar,Katar,katarisch,ASI,QAT
243,Kenia,Kenia,kenianisch,AFR,KEN
450,Kirgisistan,Kirgisistan,kirgisisch,ASI,KGZ
530,Kiribati,Kiribati,kiribatisch,AOA,KIR
349,Kolumbien,Kolumbien,kolumbianisch,AME,COL
244,Komoren,Komoren,komorisch,AFR,COM
245,Kongo,Kongo,kongolesisch,AFR,COG
246,Kongo, Demokratische Republik,Demokratische Republik Kongo,der Demokratischen Republik Kongo,AFR,COD
434,Korea, Demokratische Volksrepublik,Demokratische Volksrepublik Korea,der Demokratischen Volksrepublik Korea,ASI,PRK
467,Korea, Republik,Republik Korea,der Republik Korea,ASI,KOR
150,Kosovo,Kosovo,kosovarisch,EUR,XXK
130,Kroatien,Kroatien,kroatisch,EUR,HRV
351,Kuba,Kuba,kubanisch,AME,CUB
448,Kuwait,Kuwait,kuwaitisch,ASI,KWT
449,Laos,Demokratische Volksrepublik Laos,laotisch,ASI,LAO
226,Lesotho,Lesotho,lesothisch,AFR,LSO
139,Lettland,Lettland,lettisch,EUR,LVA
451,Libanon,Libanon,libanesisch,ASI,LBN
247,Liberia,Liberia,liberianisch,AFR,LBR
248,Libyen,Libyen,libysch,AFR,LBY
141,Liechtenstein,Liechtenstein,liechtensteinisch,EUR,LIE
142,Litauen,Litauen,litauisch,EUR,LTU
143,Luxemburg,Luxemburg,luxemburgisch,EUR,LUX
249,Madagaskar,Madagaskar,madagassisch,AFR,MDG
256,Malawi,Malawi,malawisch,AFR,MWI
482,Malaysia,Malaysia,malaysisch,ASI,MYS
454,Malediven,Malediven,maledivisch,ASI,MDV
251,Mali,Mali,malisch,AFR,MLI
145,Malta,Malta,maltesisch,EUR,MLT
252,Marokko,Marokko,marokkanisch,AFR,MAR
544,Marshallinseln,Marshallinseln,marshallisch,AOA,MHL
239,Mauretanien,Mauretanien,mauretanisch,AFR,MRT
253,Mauritius,Mauritius,mauritisch,AFR,MUS
353,Mexiko,Mexiko,mexikanisch,AME,MEX
545,Mikronesien,Föderierte Staaten von Mikronesien,mikronesisch,AOA,FSM
146,Moldau,Republik Moldau,moldauisch,EUR,MDA
147,Monaco,Monaco,monegassisch,EUR,MCO
457,Mongolei,Mongolei,mongolisch,ASI,MNG
140,Montenegro,Montenegro,montenegrinisch,EUR,MNE
254,Mosambik,Mosambik,mosambikanisch,AFR,MOZ
427,Myanmar,Myanmar,myanmarisch,ASI,MMR
267,Namibia,Namibia,namibisch,AFR,NAM
531,Nauru,Nauru,nauruisch,AOA,NRU
458,Nepal,Nepal,nepalesisch,ASI,NPL
536,Neuseeland,Neuseeland,neuseeländisch,AOA,NZL
354,Nicaragua,Nicaragua,nicaraguanisch,AME,NIC
148,Niederlande,Niederlande,niederländisch,EUR,NLD
255,Niger,Niger,nigrisch,AFR,NER
232,Nigeria,Nigeria,nigerianisch,AFR,NGA
533,Niue,Niue,neuseeländisch,AOA,NIU
144,Nordmazedonien,Nordmazedonien,mazedonisch/der Republik Nordmazedonien,EUR,MKD
149,Norwegen,Norwegen,norwegisch,EUR,NOR
456,Oman,Oman,omanisch,ASI,OMN
151,Österreich,Österreich,österreichisch,EUR,AUT
461,Pakistan,Pakistan,pakistanisch,ASI,PAK
537,Palau,Palau,palauisch,AOA,PLW
357,Panama,Panama,panamaisch,AME,PAN
538,Papua-Neuguinea,Papua-Neuguinea,papua-neuguineisch,AOA,PNG
359,Paraguay,Paraguay,paraguayisch,AME,PRY
361,Peru,Peru,peruanisch,AME,PER
462,Philippinen,Philippinen,philippinisch,ASI,PHL
152,Polen,Polen,polnisch,EUR,POL
153,Portugal,Portugal,portugiesisch,EUR,PRT
265,Ruanda,Ruanda,ruandisch,AFR,RWA
154,Rumänien,Rumänien,rumänisch,EUR,ROU
160,Russische Föderation,Russische Föderation,russisch,EUR,RUS
524,Salomonen,Salomonen,salomonisch,AOA,SLB
257,Sambia,Sambia,sambisch,AFR,ZMB
543,Samoa,Samoa,samoanisch,AOA,WSM
156,San Marino,San Marino,san-marinesisch,EUR,SMR
268,São Tomé und Príncipe,São Tomé und Príncipe,são-toméisch,AFR,STP
472,Saudi-Arabien,Saudi-Arabien,saudi-arabisch,ASI,SAU
157,Schweden,Schweden,schwedisch,EUR,SWE
158,Schweiz,Schweiz,schweizerisch,EUR,CHE
269,Senegal,Senegal,senegalesisch,AFR,SEN
170,Serbien,Serbien,serbisch,EUR,SRB
271,Seychellen,Seychellen,seychellisch,AFR,SYC
272,Sierra Leone,Sierra Leone,sierra-leonisch,AFR,SLE
233,Simbabwe,Simbabwe,simbabwisch,AFR,ZWE
474,Singapur,Singapur,singapurisch,ASI,SGP
155,Slowakei,Slowakei,slowakisch,EUR,SVK
131,Slowenien,Slowenien,slowenisch,EUR,SVN
273,Somalia,Somalia,somalisch,AFR,SOM
161,Spanien,Spanien,spanisch,EUR,ESP
431,Sri Lanka,Sri Lanka,sri-lankisch,ASI,LKA
370,St. Kitts und Nevis,St. Kitts und Nevis,von St. Kitts und Nevis,AME,KNA
366,St. Lucia,St. Lucia,lucianisch,AME,LCA
369,St. Vincent und die Grenadinen,St. Vincent und die Grenadinen,vincentisch,AME,VCT
263,Südafrika,Südafrika,südafrikanisch,AFR,ZAF
277,Sudan,Sudan,sudanesisch,AFR,SDN
278,Südsudan,Südsudan,südsudanesisch,AFR,SSD
364,Suriname,Suriname,surinamisch,AME,SUR
475,Syrien,Arabische Republik Syrien,syrisch,ASI,SYR
470,Tadschikistan,Tadschikistan,tadschikisch,ASI,TJK
282,Tansania,Vereinigte Republik Tansania,tansanisch,AFR,TZA
476,Thailand,Thailand,thailändisch,ASI,THA
483,Timor-Leste,Timor-Leste,von Timor-Leste,ASI,TLS
283,Togo,Togo,togoisch,AFR,TGO
541,Tonga,Tonga,tongaisch,AOA,TON
371,Trinidad und Tobago,Trinidad und Tobago,von Trinidad und Tobago,AME,TTO
284,Tschad,Tschad,tschadisch,AFR,TCD
164,Tschechien,Tschechien,tschechisch,EUR,CZE
285,Tunesien,Tunesien,tunesisch,AFR,TUN
163,Türkei,Türkei,türkisch,EUR,TUR
471,Turkmenistan,Turkmenistan,turkmenisch,ASI,TKM
540,Tuvalu,Tuvalu,tuvaluisch,AOA,TUV
286,Uganda,Uganda,ugandisch,AFR,UGA
166,Ukraine,Ukraine,ukrainisch,EUR,UKR
165,Ungarn,Ungarn,ungarisch,EUR,HUN
365,Uruguay,Uruguay,uruguayisch,AME,URY
477,Usbekistan,Usbekistan,usbekisch,ASI,UZB
532,Vanuatu,Vanuatu,vanuatuisch,AOA,VUT
167,Vatikanstadt,Vatikanstadt,vatikanisch,EUR,VAT
367,Venezuela,Bolivarische Republik Venezuela,venezolanisch,AME,VEN
469,Vereinigte Arabische Emirate,Vereinigte Arabische Emirate,der Vereinigten Arabischen Emirate,ASI,ARE
368,Vereinigte Staaten,Vereinigte Staaten,amerikanisch,AME,USA
168,Vereinigtes Königreich,Vereinigtes Königreich,britisch,EUR,GBR
432,Vietnam,Vietnam,vietnamesisch,ASI,VNM
169,Weißrussland,Weißrussland,weißrussisch,EUR,BLR
289,Zentralafrikanische Republik,Zentralafrikanische Republik,zentralafrikanisch,AFR,CAF
181,Zypern,Zypern,zyprisch,EUR,CYP
